<?xml version="1.0" encoding="UTF-8"?>
<project-private xmlns="http://www.netbeans.org/ns/project-private/1">
    <editor-bookmarks xmlns="http://www.netbeans.org/ns/editor-bookmarks/2" lastBookmarkId="0"/>
    <open-files xmlns="http://www.netbeans.org/ns/projectui-open-files/2">
        <group>
            <file>file:/D:/CST_242/WordProcessing/src/com/example/src/EmptyStringException.java</file>
            <file>file:/D:/CST_242/WordProcessing/src/com/example/src/FindAndReplace.java</file>
            <file>file:/D:/CST_242/WordProcessing/src/com/example/src/WordProcessing.java</file>
        </group>
    </open-files>
</project-private>
