<?xml version="1.0" encoding="UTF-8"?>
<project-private xmlns="http://www.netbeans.org/ns/project-private/1">
    <editor-bookmarks xmlns="http://www.netbeans.org/ns/editor-bookmarks/2" lastBookmarkId="0"/>
    <open-files xmlns="http://www.netbeans.org/ns/projectui-open-files/2">
        <group>
            <file>file:/media/removable/UNTITLED/Project01_CST242/src/project01_cst242/Desktop.java</file>
            <file>file:/media/removable/UNTITLED/Project01_CST242/src/project01_cst242/BasePrices.java</file>
            <file>file:/media/removable/UNTITLED/Project01_CST242/src/project01_cst242/LapTop.java</file>
            <file>file:/media/removable/UNTITLED/Project01_CST242/src/project01_cst242/Computer.java</file>
            <file>file:/media/removable/UNTITLED/Project01_CST242/src/project01_cst242/Main.java</file>
        </group>
    </open-files>
</project-private>
