<?xml version="1.0" encoding="UTF-8"?>
<project-private xmlns="http://www.netbeans.org/ns/project-private/1">
    <editor-bookmarks xmlns="http://www.netbeans.org/ns/editor-bookmarks/2" lastBookmarkId="0"/>
    <open-files xmlns="http://www.netbeans.org/ns/projectui-open-files/2">
        <group>
            <file>file:/E:/CST_242/Project05_CST242/src/project05_cst242/PersonComparator.java</file>
            <file>file:/E:/CST_242/Project05_CST242/src/project05_cst242/Person.java</file>
            <file>file:/E:/CST_242/Project05_CST242/src/project05_cst242/Project05_CST242.java</file>
        </group>
    </open-files>
</project-private>
